{
  "cycle": [
    1,
    2,
    3,
    4,
    5,
    6,
    7,
    8,
    9,
    10,
    11,
    12,
    13,
    14,
    15,
    16,
    17,
    18,
    19,
    20
  ],
  "avg_caught": [
    15.4,
    26.8,
    11.6,
    21.2,
    29.4,
    11.2,
    1.6,
    15.0,
    20.4,
    9.8,
    11.0,
    20.6,
    17.8,
    3.2,
    1.2,
    25.8,
    0.4,
    15.8,
    7.6,
    12.2
  ],
  "std_caught": [
    7.939773296511683,
    9.987992791347018,
    8.845337754998392,
    9.453041838477178,
    10.031948963187562,
    7.025667228100119,
    2.0591260281974,
    9.444575162494075,
    12.306096050332128,
    12.718490476467716,
    8.12403840463596,
    7.964923100695952,
    10.906878563548785,
    2.785677655436824,
    1.9390719429665317,
    9.325234581499814,
    0.8000000000000002,
    12.073110618229256,
    5.083306010855534,
    13.272528018429647
  ],
  "avg_steps": [
    1000.0,
    1000.0,
    602.8,
    1000.0,
    1000.0,
    983.4,
    340.4,
    1000.0,
    1000.0,
    598.6,
    828.8,
    973.6,
    1000.0,
    591.4,
    247.4,
    1000.0,
    180.8,
    987.0,
    734.2,
    677.6
  ],
  "avg_first_catch": [
    53.4,
    5.8,
    5.6,
    15.6,
    3.8,
    11.4,
    6.2,
    3.6,
    4.6,
    4.8,
    9.2,
    6.0,
    54.8,
    3.2,
    2.2,
    4.0,
    2.4,
    9.0,
    5.4,
    92.2
  ],
  "pred_training_steps": [
    50000,
    50000,
    50000,
    50000,
    50000,
    50000,
    50000,
    50000,
    50000,
    50000,
    50000,
    50000,
    50000,
    50000,
    50000,
    50000,
    50000,
    50000,
    50000,
    50000
  ],
  "prey_training_steps": [
    50000,
    50000,
    50000,
    25000,
    25000,
    25000,
    25000,
    25000,
    25000,
    25000,
    25000,
    50000,
    25000,
    50000,
    25000,
    50000,
    25000,
    25000,
    50000,
    50000
  ],
  "predator_starved": [
    0,
    0,
    0,
    0,
    0,
    0,
    4,
    0,
    0,
    3,
    0,
    0,
    0,
    3,
    4,
    0,
    5,
    1,
    2,
    2
  ],
  "all_prey_caught": [
    0,
    0,
    3,
    0,
    0,
    2,
    0,
    0,
    0,
    0,
    2,
    1,
    0,
    0,
    0,
    0,
    0,
    0,
    0,
    0
  ]
}