{
  "cycle": [
    1,
    2,
    3,
    4,
    5,
    6,
    7,
    8,
    9,
    10,
    11,
    12,
    13,
    14,
    15,
    16,
    17,
    18,
    19,
    20
  ],
  "avg_caught": [
    18.6,
    5.2,
    18.4,
    11.8,
    12.0,
    4.2,
    7.4,
    6.2,
    12.2,
    15.6,
    12.8,
    10.8,
    9.2,
    9.8,
    7.6,
    11.2,
    7.4,
    14.6,
    11.4,
    11.4
  ],
  "std_caught": [
    8.97997772825746,
    3.370459909270544,
    5.238320341483518,
    4.445222154178573,
    6.928203230275509,
    1.469693845669907,
    5.276362383309168,
    2.9257477676655586,
    5.075431016179809,
    4.317406628984581,
    4.578209256903839,
    9.108238029388561,
    3.1874754901018454,
    10.979981785048645,
    5.642694391866354,
    6.013318551349164,
    4.223742416388575,
    8.662563131083086,
    5.607138307550474,
    5.986651818838306
  ],
  "avg_steps": [
    500.0,
    438.8,
    500.0,
    500.0,
    500.0,
    459.0,
    500.0,
    500.0,
    500.0,
    500.0,
    500.0,
    500.0,
    500.0,
    500.0,
    276.6,
    500.0,
    500.0,
    500.0,
    500.0,
    500.0
  ],
  "avg_first_catch": [
    5.4,
    9.8,
    66.2,
    14.0,
    6.6,
    5.8,
    109.8,
    15.6,
    13.8,
    3.4,
    5.4,
    12.6,
    10.0,
    109.8,
    11.8,
    4.0,
    5.6,
    2.8,
    6.6,
    7.0
  ],
  "pred_training_steps": [
    50000,
    50000,
    50000,
    50000,
    50000,
    50000,
    50000,
    50000,
    50000,
    50000,
    50000,
    50000,
    50000,
    50000,
    50000,
    50000,
    50000,
    50000,
    50000,
    50000
  ],
  "prey_training_steps": [
    25000,
    25000,
    25000,
    25000,
    25000,
    25000,
    25000,
    25000,
    25000,
    25000,
    25000,
    25000,
    25000,
    25000,
    25000,
    25000,
    25000,
    25000,
    25000,
    25000
  ],
  "predator_starved": [
    0,
    0,
    0,
    0,
    0,
    0,
    0,
    0,
    0,
    0,
    0,
    0,
    0,
    0,
    0,
    0,
    0,
    0,
    0,
    0
  ],
  "all_prey_caught": [
    0,
    2,
    0,
    0,
    0,
    1,
    0,
    0,
    0,
    0,
    0,
    0,
    0,
    0,
    4,
    0,
    0,
    0,
    0,
    0
  ]
}