{
  "cycle": [
    1,
    2,
    3,
    4,
    5,
    6,
    7,
    8,
    9,
    10,
    11,
    12,
    13,
    14,
    15,
    16,
    17,
    18,
    19,
    20
  ],
  "avg_caught": [
    18.6,
    0.2,
    4.2,
    7.8,
    7.4,
    16.2,
    21.8,
    33.2,
    7.4,
    15.2,
    4.8,
    13.2,
    0.0,
    12.0,
    5.4,
    7.0,
    21.0,
    11.0,
    28.8,
    14.8
  ],
  "std_caught": [
    14.472042012100435,
    0.4000000000000001,
    3.4292856398964493,
    2.1354156504062622,
    6.216108107168021,
    11.070682002478438,
    14.105318146004365,
    12.718490476467716,
    3.4985711369071804,
    11.267652816802618,
    3.4871191548325386,
    10.419213022104884,
    0.0,
    6.603029607687671,
    2.33238075793812,
    7.563068160475615,
    7.014271166700073,
    8.049844718999243,
    8.657944328765346,
    9.703607576566563
  ],
  "avg_steps": [
    500.0,
    140.6,
    500.0,
    500.0,
    500.0,
    500.0,
    494.6,
    402.8,
    467.2,
    495.4,
    500.0,
    500.0,
    100.8,
    500.0,
    234.6,
    257.2,
    500.0,
    465.6,
    500.0,
    378.0
  ],
  "avg_first_catch": [
    29.2,
    74.0,
    14.6,
    62.2,
    135.2,
    8.4,
    18.6,
    6.6,
    33.8,
    73.0,
    18.8,
    7.6,
    100.8,
    4.8,
    110.8,
    31.2,
    33.8,
    6.0,
    5.2,
    17.0
  ],
  "pred_training_steps": [
    50000,
    50000,
    50000,
    50000,
    50000,
    50000,
    50000,
    50000,
    50000,
    50000,
    50000,
    50000,
    50000,
    50000,
    50000,
    50000,
    50000,
    50000,
    50000,
    50000
  ],
  "prey_training_steps": [
    25000,
    25000,
    25000,
    25000,
    25000,
    25000,
    25000,
    25000,
    50000,
    25000,
    25000,
    25000,
    25000,
    25000,
    50000,
    25000,
    25000,
    25000,
    50000,
    50000
  ],
  "predator_starved": [
    0,
    4,
    0,
    0,
    0,
    0,
    0,
    0,
    0,
    0,
    0,
    0,
    5,
    0,
    0,
    0,
    0,
    0,
    0,
    0
  ],
  "all_prey_caught": [
    0,
    0,
    0,
    0,
    0,
    0,
    1,
    3,
    2,
    1,
    0,
    0,
    0,
    0,
    5,
    4,
    0,
    1,
    0,
    3
  ]
}