{
  "cycle": [
    1,
    2,
    3
  ],
  "avg_caught": [
    3.9,
    24.6,
    12.9
  ],
  "std_caught": [
    5.068530358989675,
    11.934822998268555,
    4.948737212663449
  ],
  "avg_steps": [
    494.8,
    1000.0,
    1000.0
  ],
  "avg_first_catch": [
    10.2,
    99.5,
    16.8
  ],
  "pred_training_steps": [
    102400,
    102400,
    102400
  ],
  "prey_training_steps": [
    71680,
    10240,
    10240
  ],
  "predator_starved": [
    6,
    0,
    0
  ],
  "all_prey_caught": [
    0,
    0,
    0
  ]
}