{
  "cycle": [
    1,
    2,
    3,
    4,
    5,
    6,
    7,
    8,
    9,
    10,
    11,
    12,
    13,
    14,
    15,
    16,
    17,
    18,
    19,
    20
  ],
  "avg_caught": [
    10.0,
    5.2,
    4.2,
    5.4,
    4.8,
    12.0,
    2.8,
    6.4,
    13.8,
    5.2,
    7.2,
    12.2,
    11.8,
    8.8,
    6.8,
    13.0,
    8.4,
    3.4,
    5.2,
    13.6
  ],
  "std_caught": [
    6.782329983125268,
    2.993325909419153,
    3.124099870362662,
    2.65329983228432,
    1.7204650534085253,
    10.276186062932103,
    1.5999999999999999,
    4.127953488110059,
    8.034923770640265,
    3.867815921162743,
    3.7094473981982814,
    13.044539087296261,
    3.1874754901018454,
    4.1182520563948,
    5.344155686354955,
    11.575836902790225,
    6.974238309665077,
    1.624807680927192,
    4.707440918375928,
    9.624967532412771
  ],
  "avg_steps": [
    500.0,
    500.0,
    500.0,
    500.0,
    500.0,
    500.0,
    500.0,
    500.0,
    500.0,
    500.0,
    500.0,
    500.0,
    500.0,
    500.0,
    500.0,
    500.0,
    500.0,
    500.0,
    500.0,
    500.0
  ],
  "avg_first_catch": [
    104.6,
    113.8,
    20.4,
    21.6,
    47.8,
    18.2,
    21.6,
    153.8,
    4.4,
    21.4,
    27.4,
    20.4,
    7.0,
    7.4,
    6.6,
    57.6,
    110.4,
    15.4,
    102.4,
    9.4
  ],
  "pred_training_steps": [
    50000,
    50000,
    50000,
    50000,
    50000,
    50000,
    50000,
    50000,
    50000,
    50000,
    50000,
    50000,
    50000,
    50000,
    50000,
    50000,
    50000,
    50000,
    50000,
    50000
  ],
  "prey_training_steps": [
    25000,
    25000,
    25000,
    25000,
    25000,
    25000,
    25000,
    25000,
    25000,
    25000,
    25000,
    25000,
    25000,
    25000,
    25000,
    25000,
    25000,
    25000,
    25000,
    25000
  ],
  "predator_starved": [
    0,
    0,
    0,
    0,
    0,
    0,
    0,
    0,
    0,
    0,
    0,
    0,
    0,
    0,
    0,
    0,
    0,
    0,
    0,
    0
  ],
  "all_prey_caught": [
    0,
    0,
    0,
    0,
    0,
    0,
    0,
    0,
    0,
    0,
    0,
    0,
    0,
    0,
    0,
    0,
    0,
    0,
    0,
    0
  ]
}