{
  "cycle": [
    1,
    2,
    3,
    4,
    5,
    6,
    7,
    8,
    9,
    10,
    11,
    12,
    13,
    14,
    15,
    16,
    17,
    18,
    19,
    20
  ],
  "avg_caught": [
    14.6,
    21.6,
    7.2,
    15.8,
    18.4,
    8.2,
    20.2,
    7.2,
    2.2,
    4.8,
    4.0,
    2.4,
    2.0,
    3.0,
    3.0,
    3.8,
    4.0,
    3.6,
    4.0,
    3.4
  ],
  "std_caught": [
    4.498888751680798,
    6.887670143089026,
    3.3105890714493698,
    9.453041838477178,
    8.380930735902785,
    9.88736567544662,
    11.232096865679177,
    6.8527366796047255,
    4.4,
    9.600000000000001,
    8.0,
    4.800000000000001,
    4.0,
    6.0,
    6.0,
    7.6000000000000005,
    8.0,
    7.200000000000001,
    8.0,
    6.8
  ],
  "avg_steps": [
    500.0,
    500.0,
    500.0,
    500.0,
    500.0,
    201.0,
    340.2,
    292.6,
    42.6,
    40.6,
    40.6,
    40.6,
    41.8,
    41.8,
    40.6,
    40.6,
    41.4,
    40.6,
    40.6,
    40.6
  ],
  "avg_first_catch": [
    18.4,
    30.6,
    42.8,
    81.2,
    8.0,
    16.4,
    13.0,
    43.4,
    3.2,
    1.6,
    1.6,
    2.0,
    1.6,
    1.2,
    2.2,
    1.0,
    2.0,
    1.6,
    1.6,
    1.6
  ],
  "pred_training_steps": [
    50000,
    50000,
    50000,
    50000,
    50000,
    50000,
    50000,
    25000,
    50000,
    50000,
    50000,
    50000,
    50000,
    50000,
    50000,
    50000,
    50000,
    50000,
    50000,
    50000
  ],
  "prey_training_steps": [
    25000,
    25000,
    25000,
    25000,
    25000,
    25000,
    25000,
    50000,
    25000,
    25000,
    25000,
    25000,
    25000,
    25000,
    25000,
    25000,
    25000,
    25000,
    25000,
    25000
  ],
  "predator_starved": [
    0,
    0,
    0,
    0,
    0,
    0,
    0,
    0,
    0,
    0,
    0,
    0,
    0,
    0,
    0,
    0,
    0,
    0,
    0,
    0
  ],
  "all_prey_caught": [
    0,
    0,
    0,
    0,
    0,
    4,
    4,
    3,
    5,
    5,
    5,
    5,
    5,
    5,
    5,
    5,
    5,
    5,
    5,
    5
  ]
}